,doi,title,abstract,authors,year,month,publisher,address,journal,issue,pages,volume_id,collection_id
0,10.18653/v1/2020.acl-main.325,Lexically Constrained Neural Machine Translation with Levenshtein Transformer,"This paper proposes a simple and effective algorithm for incorporating lexical constraints in neural machine translation. Previous work either required re-training existing models with the lexical constraints or incorporating them during beam search decoding with significantly higher computational overheads. Leveraging the flexibility and speed of a recently proposed Levenshtein Transformer model (Gu et al., 2019), our method injects terminology constraints at inference time without any impact on decoding speed. Our method does not require any modification to the training procedure and can be easily applied at runtime with custom dictionaries. Experiments on English-German WMT datasets show that our approach improves an unconstrained baseline and previous approaches.","Raymond Hendy Susanto, Shamil Chollampatt, Liling Tan",2020,July,Association for Computational Linguistics,Online,,,3536–3543,main,2020.acl
1,10.18653/v1/2020.coling-main.321,Specializing Word Vectors by Spectral Decomposition on Heterogeneously Twisted Graphs,"Traditional word vectors, such as word2vec and glove, have a well-known inclination to conflate the semantic similarity with other semantic relations. A retrofitting procedure may be needed to solve this issue. In this work, we propose a new retrofitting method called Heterogeneously Retrofitted Spectral Word Embedding. It heterogeneously twists the similarity matrix of word pairs with lexical constraints. A new set of word vectors is generated by a spectral decomposition of the similarity matrix, which has a linear algebraic analytic form. Our method has a competitive performance compared with the state-of-the-art retrofitting method such as AR (CITATION). In addition, since our embedding has a clear linear algebraic relationship with the similarity matrix, we carefully study the contribution of each component in our model. Last but not least, our method is very efficient to execute.","Yuanhang Ren, Ye Du",2020,December,International Committee on Computational Linguistics,"Barcelona, Spain (Online)",,,3599–3609,main,2020.coling
2,10.18653/v1/2020.emnlp-main.698,POINTER: Constrained Progressive Text Generation via Insertion-based Generative Pre-training,"Large-scale pre-trained language models, such as BERT and GPT-2, have achieved excellent performance in language representation learning and free-form text generation. However, these models cannot be directly employed to generate text under specified lexical constraints. To address this challenge, we present POINTER (PrOgressive INsertion-based TransformER), a simple yet novel insertion-based approach for hard-constrained text generation. The proposed method operates by progressively inserting new tokens between existing tokens in a parallel manner. This procedure is recursively applied until a sequence is completed. The resulting coarse-to-fine hierarchy makes the generation process intuitive and interpretable. We pre-train our model with the proposed progressive insertion-based objective on a 12GB Wikipedia dataset, and fine-tune it on downstream hard-constrained generation tasks. Non-autoregressive decoding yields a logarithmic time complexity during inference time. Experimental results on both News and Yelp datasets demonstrate that Pointer achieves state-of-the-art performance on constrained text generation. We released the pre-trained models and the source code to facilitate future research.","Yizhe Zhang, Guoyin Wang, Chunyuan Li, Zhe Gan, Chris Brockett, Bill Dolan",2020,November,Association for Computational Linguistics,Online,,,8649–8670,main,2020.emnlp
3,10.18653/v1/2020.emnlp-main.701,Gradient-guided Unsupervised Lexically Constrained Text Generation,"Lexically constrained generation requires the target sentence to satisfy some lexical constraints, such as containing some specific words or being the paraphrase to a given sentence, which is very important in many real-world natural language generation applications. Previous works usually apply beam-search-based methods or stochastic searching methods to lexically-constrained generation. However, when the search space is too large, beam-search-based methods always fail to find the constrained optimal solution. At the same time, stochastic search methods always cost too many steps to find the correct optimization direction. In this paper, we propose a novel method G2LC to solve the lexically-constrained generation as an unsupervised gradient-guided optimization problem. We propose a differentiable objective function and use the gradient to help determine which position in the sequence should be changed (deleted or inserted/replaced by another word). The word updating process of the inserted/replaced word also benefits from the guidance of gradient. Besides, our method is free of parallel data training, which is flexible to be used in the inference stage of any pre-trained generation model. We apply G2LC to two generation tasks: keyword-to-sentence generation and unsupervised paraphrase generation. The experiment results show that our method achieves state-of-the-art compared to previous lexically-constrained methods.",Lei Sha,2020,November,Association for Computational Linguistics,Online,,,8692–8703,main,2020.emnlp
4,10.18653/v1/2021.acl-long.9,Mention Flags (MF): Constraining Transformer-based Text Generators,"This paper focuses on Seq2Seq (S2S) constrained text generation where the text generator is constrained to mention specific words which are inputs to the encoder in the generated outputs. Pre-trained S2S models or a Copy Mechanism are trained to copy the surface tokens from encoders to decoders, but they cannot guarantee constraint satisfaction. Constrained decoding algorithms always produce hypotheses satisfying all constraints. However, they are computationally expensive and can lower the generated text quality. In this paper, we propose Mention Flags (MF), which traces whether lexical constraints are satisfied in the generated outputs in an S2S decoder. The MF models can be trained to generate tokens in a hypothesis until all constraints are satisfied, guaranteeing high constraint satisfaction. Our experiments on the Common Sense Generation task (CommonGen) (Lin et al., 2020), End2end Restaurant Dialog task (E2ENLG) (Duˇsek et al., 2020) and Novel Object Captioning task (nocaps) (Agrawal et al., 2019) show that the MF models maintain higher constraint satisfaction and text quality than the baseline models and other constrained decoding algorithms, achieving state-of-the-art performance on all three tasks. These results are achieved with a much lower run-time than constrained decoding algorithms. We also show that the MF models work well in the low-resource setting.","Yufei Wang, Ian Wood, Stephen Wan, Mark Dras, Mark Johnson",2021,August,Association for Computational Linguistics,Online,,,103–113,long,2021.acl
5,10.18653/v1/2021.eacl-main.313,Enconter: Entity Constrained Progressive Sequence Generation via Insertion-based Transformer,"Pretrained using large amount of data, autoregressive language models are able to generate high quality sequences. However, these models do not perform well under hard lexical constraints as they lack fine control of content generation process. Progressive insertion based transformers can overcome the above limitation and efficiently generate a sequence in parallel given some input tokens as constraint. These transformers however may fail to support hard lexical constraints as their generation process is more likely to terminate prematurely. The paper analyses such early termination problems and proposes the ENtity CONstrained insertion TransformER(ENCONTER), a new insertion transformer that addresses the above pitfall without compromising much generation efficiency. We introduce a new training strategy that considers predefined hard lexical constraints (e.g., entities to be included in the generated sequence). Our experiments show that ENCONTER outperforms other baseline models in several performance metrics rendering it more suitable in practical applications.","Lee Hsun Hsieh, Yang-Yin Lee, Ee-Peng Lim",2021,April,Association for Computational Linguistics,Online,,,3590–3599,main,2021.eacl
6,10.18653/v1/2021.emnlp-main.413,"Extract, Denoise and Enforce: Evaluating and Improving Concept Preservation for Text-to-Text Generation","Prior studies on text-to-text generation typically assume that the model could figure out what to attend to in the input and what to include in the output via seq2seq learning, with only the parallel training data and no additional guidance. However, it remains unclear whether current models can preserve important concepts in the source input, as seq2seq learning does not have explicit focus on the concepts and commonly used evaluation metrics also treat them equally important as other tokens. In this paper, we present a systematic analysis that studies whether current seq2seq models, especially pre-trained language models, are good enough for preserving important input concepts and to what extent explicitly guiding generation with the concepts as lexical constraints is beneficial. We answer the above questions by conducting extensive analytical experiments on four representative text-to-text generation tasks. Based on the observations, we then propose a simple yet effective framework to automatically extract, denoise, and enforce important input concepts as lexical constraints. This new method performs comparably or better than its unconstrained counterpart on automatic metrics, demonstrates higher coverage for concept preservation, and receives better ratings in the human evaluation. Our code is available at https://github.com/morningmoni/EDE.","Yuning Mao, Wenchang Ma, Deren Lei, Jiawei Han, Xiang Ren",2021,November,Association for Computational Linguistics,"Online and Punta Cana, Dominican Republic",,,5063–5074,main,2021.emnlp
7,10.18653/v1/2021.emnlp-main.681,Parallel Refinements for Lexically Constrained Text Generation with BART,"Lexically constrained text generation aims to control the generated text by incorporating certain pre-specified keywords into the output. Previous work injects lexical constraints into the output by controlling the decoding process or refining the candidate output iteratively, which tends to generate generic or ungrammatical sentences, and has high computational complexity. To address these challenges, we proposed Constrained BART (CBART) for lexically constrained text generation. CBART leverages the pre-trained model, BART and transfers part of the generation burden from the decoder to the encoder by decomposing this task into two sub-tasks, thereby improving the sentence quality. Concretely, we extended BART by adding a token-level classifier over the encoder, aiming at instructing the decoder where to replace and insert. Guided by the encoder, the decoder refines multiple tokens of the input in one step by inserting tokens before specific positions and re-predicting tokens at a low confidence level. To further reduce the inference latency, the decoder predicts all tokens in parallel. Experiment results on One-Billion-Word and Yelp show that CBART can generate plausible text with high quality and diversity while largely accelerating inference.",Xingwei He,2021,November,Association for Computational Linguistics,"Online and Punta Cana, Dominican Republic",,,8653–8666,main,2021.emnlp
8,,Generating Slogans with Linguistic Features using Sequence-to-Sequence Transformer,"Previous work generating slogans depended on templates or summaries of company descriptions, making it difficult to generate slogans with linguistic features. We present LexPOS, a sequence-to-sequence transformer model that generates slogans given phonetic and structural information. Our model searches for phonetically similar words given user keywords. Both the sound-alike words and user keywords become lexical constraints for generation. For structural repetition, we use POS constraints. Users can specify any repeated phrase structure by POS tags. Our model-generated slogans are more relevant to the original slogans than those of baseline models. They also show phonetic and structural repetition during inference, representative features of memorable slogans.","Yeoun Yi, Hyopil Shin",2021,December,NLP Association of India (NLPAI),"National Institute of Technology Silchar, Silchar, India",,,75–79,main,2021.icon
9,,Neural Machine Translation with Inflected Lexicon,The paper presents experiments in neural machine translation with lexical constraints into a morphologically rich language. In particular and we introduce a method and based on constrained decoding and which handles the inflected forms of lexical entries and does not require any modification to the training data or model architecture. To evaluate its effectiveness and we carry out experiments in two different scenarios: general and domain-specific. We compare our method with baseline translation and i.e. translation without lexical constraints and in terms of translation speed and translation quality. To evaluate how well the method handles the constraints and we propose new evaluation metrics which take into account the presence and placement and duplication and inflectional correctness of lexical terms in the output sentence.,"Artur Nowakowski, Krzysztof Jassem",2021,August,Association for Machine Translation in the Americas,Virtual,,,282-292,research,2021.mtsummit
10,10.18653/v1/2021.naacl-main.339,NeuroLogic Decoding: (Un)supervised Neural Text Generation with Predicate Logic Constraints,"Conditional text generation often requires lexical constraints, i.e., which words should or shouldn’t be included in the output text. While the dominant recipe for conditional text generation has been large-scale pretrained language models that are finetuned on the task-specific training data, such models do not learn to follow the underlying constraints reliably, even when supervised with large amounts of task-specific examples. We propose NeuroLogic Decoding, a simple yet effective algorithm that enables neural language models – supervised or not – to generate fluent text while satisfying complex lexical constraints. Our approach is powerful yet efficient. It handles any set of lexical constraints that is expressible under predicate logic, while its asymptotic runtime is equivalent to conventional beam search. Empirical results on four benchmarks show that NeuroLogic Decoding outperforms previous approaches, including algorithms that handle a subset of our constraints. Moreover, we find that unsupervised models with NeuroLogic Decoding often outperform supervised models with conventional decoding, even when the latter is based on considerably larger networks. Our results suggest the limit of large-scale neural networks for fine-grained controllable generation and the promise of inference-time algorithms.","Ximing Lu, Peter West, Rowan Zellers, Ronan Le Bras, Chandra Bhagavatula, Yejin Choi",2021,June,Association for Computational Linguistics,Online,,,4288–4299,main,2021.naacl
11,,Towards Precise Lexicon Integration in Neural Machine Translation,"Terminological consistency is an essential requirement for industrial translation. High-quality, hand-crafted terminologies contain entries in their nominal forms. Integrating such a terminology into machine translation is not a trivial task. The MT system must be able to disambiguate homographs on the source side and choose the correct wordform on the target side. In this work, we propose a simple but effective method for homograph disambiguation and a method of wordform selection by introducing multi-choice lexical constraints. We also propose a metric to measure the terminological consistency of the translation. Our results have a significant improvement over the current SOTA in terms of terminological consistency without any loss of the BLEU score. All the code used in this work will be published as open-source.","Ogün Öz, Maria Sukhareva",2021,September,INCOMA Ltd.,Held Online,,,1084–1095,1,2021.ranlp
12,10.1162/tacl_a_00368,EDITOR: An Edit-Based Transformer with Repositioning for Neural Machine Translation with Soft Lexical Constraints,"We introduce an Edit-Based TransfOrmer with Repositioning (EDITOR), which makes sequence generation flexible by seamlessly allowing users to specify preferences in output lexical choice. Building on recent models for non-autoregressive sequence generation (Gu et al., 2019), EDITOR generates new sequences by iteratively editing hypotheses. It relies on a novel reposition operation designed to disentangle lexical choice from word positioning decisions, while enabling efficient oracles for imitation learning and parallel edits at decoding time. Empirically, EDITOR uses soft lexical constraints more effectively than the Levenshtein Transformer (Gu et al., 2019) while speeding up decoding dramatically compared to constrained beam search (Post and Vilar, 2018). EDITOR also achieves comparable or better translation quality with faster decoding speed than the Levenshtein Transformer on standard Romanian-English, English-German, and English-Japanese machine translation tasks.","Weijia Xu, Marine Carpuat",2021,,MIT Press,"Cambridge, MA",,,311–328,1,2021.tacl
13,10.18653/v1/2022.acl-long.460,Accurate Online Posterior Alignments for Principled Lexically-Constrained Decoding,"Online alignment in machine translation refers to the task of aligning a target word to a source word when the target sequence has only been partially decoded. Good online alignments facilitate important applications such as lexically constrained translation where user-defined dictionaries are used to inject lexical constraints into the translation model. We propose a novel posterior alignment technique that is truly online in its execution and superior in terms of alignment error rates compared to existing methods. Our proposed inference technique jointly considers alignment and token probabilities in a principled manner and can be seamlessly integrated within existing constrained beam-search decoding algorithms. On five language pairs, including two distant language pairs, we achieve consistent drop in alignment error rates. When deployed on seven lexically constrained translation tasks, we achieve significant improvements in BLEU specifically around the constrained positions.","Soumya Chatterjee, Sunita Sarawagi, Preethi Jyothi",2022,May,Association for Computational Linguistics,"Dublin, Ireland",,,6675-6689,long,2022.acl
14,10.18653/v1/2022.acl-long.487,Integrating Vectorized Lexical Constraints for Neural Machine Translation,"Lexically constrained neural machine translation (NMT), which controls the generation of NMT models with pre-specified constraints, is important in many practical scenarios. Due to the representation gap between discrete constraints and continuous vectors in NMT models, most existing works choose to construct synthetic data or modify the decoding algorithm to impose lexical constraints, treating the NMT model as a black box. In this work, we propose to open this black box by directly integrating the constraints into NMT models. Specifically, we vectorize source and target constraints into continuous keys and values, which can be utilized by the attention modules of NMT models. The proposed integration method is based on the assumption that the correspondence between keys and values in attention modules is naturally suitable for modeling constraint pairs. Experimental results show that our method consistently outperforms several representative baselines on four language pairs, demonstrating the superiority of integrating vectorized lexical constraints.","Shuo Wang, Zhixing Tan, Yang Liu",2022,May,Association for Computational Linguistics,"Dublin, Ireland",,,7063-7073,long,2022.acl
15,,Iterative Constrained Back-Translation for Unsupervised Domain Adaptation of Machine Translation,"Back-translation has been proven to be effective in unsupervised domain adaptation of neural machine translation (NMT). However, the existing back-translation methods mainly improve domain adaptability by generating in-domain pseudo-parallel data that contains sentence-structural knowledge, paying less attention to the in-domain lexical knowledge, which may lead to poor translation of unseen in-domain words. In this paper, we propose an Iterative Constrained Back-Translation (ICBT) method to incorporate in-domain lexical knowledge on the basis of BT for unsupervised domain adaptation of NMT. Specifically, we apply lexical constraints into back-translation to generate pseudo-parallel data with in-domain lexical knowledge, and then perform round-trip iterations to incorporate more lexical knowledge. Based on this, we further explore sampling strategies of constrained words in ICBT to introduce more targeted lexical knowledge, via domain specificity and confidence estimation. Experimental results on four domains show that our approach achieves state-of-the-art results, improving the BLEU score by up to 3.08 compared to the strongest baseline, which demonstrates the effectiveness of our approach.","Hongxiao Zhang, Hui Huang, Jiale Gao, Yufeng Chen, Jinan Xu, Jian Liu",2022,October,International Committee on Computational Linguistics,"Gyeongju, Republic of Korea",,,5054–5065,1,2022.coling
16,,Encouraging Neural Machine Translation to Satisfy Terminology Constraints.,"Encouraging Neural Machine Translation to Satisfy Terminology Constraints. We present a new approach to encourage neural machine translation to satisfy lexical constraints. Our method acts at the training step and thereby avoiding the introduction of any extra computational overhead at inference step. The proposed method combines three main ingredients. The first one consists in augmenting the training data to specify the constraints. Intuitively, this encourages the model to learn a copy behavior when it encounters constraint terms. Compared to previous work, we use a simplified augmentation strategy without source factors. The second ingredient is constraint token masking, which makes it even easier for the model to learn the copy behavior and generalize better. The third one, is a modification of the standard cross entropy loss to bias the model towards assigning high probabilities to constraint words. Empirical results show that our method improves upon related baselines in terms of both BLEU score and the percentage of generated constraint terms.","Melissa Ailem, Jingshu Liu, Raheel Qader",2022,6,ATALA,"Avignon, France",,,446–446,taln,2022.jeptalnrecital
17,10.18653/v1/2022.naacl-main.57,NeuroLogic A*esque Decoding: Constrained Text Generation with Lookahead Heuristics,"The dominant paradigm for neural text generation is left-to-right decoding from autoregressive language models. Constrained or controllable generation under complex lexical constraints, however, requires foresight to plan ahead feasible future paths. Drawing inspiration from the A* search algorithm, we propose NeuroLogic A*esque, a decoding algorithm that incorporates heuristic estimates of future cost. We develop lookahead heuristics that are efficient for large-scale language models, making our method a drop-in replacement for common techniques such as beam search and top-k sampling. To enable constrained generation, we build on NeuroLogic decoding (Lu et al., 2021), combining its flexibility in incorporating logical constraints with A*esque estimates of future constraint satisfaction. Our approach outperforms competitive baselines on five generation tasks, and achieves new state-of-the-art performance on table-to-text generation, constrained machine translation, and keyword-constrained generation. The improvements are particularly notable on tasks that require complex constraint satisfaction or in few-shot or zero-shot settings. NeuroLogic A*esque illustrates the power of decoding for improving and enabling new capabilities of large-scale language models.","Ximing Lu, Sean Welleck, Peter West, Liwei Jiang, Jungo Kasai, Daniel Khashabi, Ronan Le Bras, Lianhui Qin, Youngjae Yu, Rowan Zellers, Noah A. Smith, Yejin Choi",2022,July,Association for Computational Linguistics,"Seattle, United States",,,780-799,main,2022.naacl
18,10.18653/v1/2022.naacl-main.424,Neighbors Are Not Strangers: Improving Non-Autoregressive Translation under Low-Frequency Lexical Constraints,"Lexically constrained neural machine translation (NMT) draws much industrial attention for its practical usage in specific domains. However, current autoregressive approaches suffer from high latency. In this paper, we focus on non-autoregressive translation (NAT) for this problem for its efficiency advantage. We identify that current constrained NAT models, which are based on iterative editing, do not handle low-frequency constraints well. To this end, we propose a plug-in algorithm for this line of work, i.e., Aligned Constrained Training (ACT), which alleviates this problem by familiarizing the model with the source-side context of the constraints. Experiments on the general and domain datasets show that our model improves over the backbone constrained NAT model in constraint preservation and translation quality, especially for rare constraints.","Chun Zeng, Jiangjie Chen, Tianyi Zhuang, Rui Xu, Hao Yang, Qin Ying, Shimin Tao, Yanghua Xiao",2022,July,Association for Computational Linguistics,"Seattle, United States",,,5777-5790,main,2022.naacl
19,10.18653/v1/2023.acl-long.426,Massively Multilingual Lexical Specialization of Multilingual Transformers,"While pretrained language models (PLMs) primarily serve as general-purpose text encoders that can be fine-tuned for a wide variety of downstream tasks, recent work has shown that they can also be rewired to produce high-quality word representations (i.e., static word embeddings) and yield good performance in type-level lexical tasks. While existing work primarily focused on the lexical specialization of monolingual PLMs with immense quantities of monolingual constraints, in this work we expose massively multilingual transformers (MMTs, e.g., mBERT or XLM-R) to multilingual lexical knowledge at scale, leveraging BabelNet as the readily available rich source of multilingual and cross-lingual type-level lexical knowledge. Concretely, we use BabelNet’s multilingual synsets to create synonym pairs (or synonym-gloss pairs) across 50 languages and then subject the MMTs (mBERT and XLM-R) to a lexical specialization procedure guided by a contrastive objective. We show that such massively multilingual lexical specialization brings substantial gains in two standard cross-lingual lexical tasks, bilingual lexicon induction and cross-lingual word similarity, as well as in cross-lingual sentence retrieval. Crucially, we observe gains for languages unseen in specialization, indicating that multilingual lexical specialization enables generalization to languages with no lexical constraints. In a series of subsequent controlled experiments, we show that the number of specialization constraints plays a much greater role than the set of languages from which they originate.","Tommaso Green, Simone Paolo Ponzetto, Goran Glavaš",2023,July,Association for Computational Linguistics,"Toronto, Canada",,,7700-7715,long,2023.acl
20,10.18653/v1/2023.acl-long.528,NEUROSTRUCTURAL DECODING: Neural Text Generation with Structural Constraints,"Text generation often involves producing coherent and grammatically correct texts that also satisfy a given set of semantic constraints. While most approaches for conditional text generation have primarily focused on lexical constraints, they often struggle to effectively incorporate syntactic constraints, which provide a richer language for approximating semantic constraints. We address this gap by introducing NeuroStructural Decoding, a new decoding algorithm that incorporates syntactic constraints to further improve the quality of the generated text. We build NeuroStructural Decoding on the NeuroLogic Decoding (Lu etal. 2021) algorithm, which enables language generation models to produce fluent text while satisfying complex lexical constraints. Our algorithm is powerful and scalable. It tracks lexico-syntactic constraints (e.g., we need to observe dog as subject and ball as object)during decoding by parsing the partial generations at each step. To this end, we adapt a dependency parser to generate parses for incomplete sentences. Our approach is evaluated on three different language generation tasks, and the results show improved performance in both lexical and syntactic metrics compared to previous methods. The results suggest this is a promising solution for integrating fine-grained controllable generation into the conventional beam search decoding.","Mohaddeseh Bastan, Mihai Surdeanu, Niranjan Balasubramanian",2023,July,Association for Computational Linguistics,"Toronto, Canada",,,9496-9510,long,2023.acl
21,10.18653/v1/2023.emnlp-main.905,Self-Ensemble of N-best Generation Hypotheses by Lexically Constrained Decoding,"We propose a method that ensembles N-best hypotheses to improve natural language generation. Previous studies have achieved notable improvements in generation quality by explicitly reranking N-best candidates. These studies assume that there exists a hypothesis of higher quality. We expand the assumption to be more practical as there exist partly higher quality hypotheses in the N-best yet they may be imperfect as the entire sentences. By merging these high-quality fragments, we can obtain a higher-quality output than the single-best sentence. Specifically, we first obtain N-best hypotheses and conduct token-level quality estimation. We then apply tokens that should or should not be present in the final output as lexical constraints in decoding. Empirical experiments on paraphrase generation, summarisation, and constrained text generation confirm that our method outperforms the strong N-best reranking methods.","Ryota Miyano, Tomoyuki Kajiwara, Yuki Arase",2023,December,Association for Computational Linguistics,Singapore,,,14653-14661,main,2023.emnlp
22,10.18653/v1/2023.findings-acl.298,Towards Accurate Translation via Semantically Appropriate Application of Lexical Constraints,"Lexically-constrained NMT (LNMT) aims to incorporate user-provided terminology into translations. Despite its practical advantages, existing work has not evaluated LNMT models under challenging real-world conditions. In this paper, we focus on two important but understudied issues that lie in the current evaluation process of LNMT studies. The model needs to cope with challenging lexical constraints that are “homographs” or “unseen” during training. To this end, we first design a homograph disambiguation module to differentiate the meanings of homographs. Moreover, we propose PLUMCOT which integrates contextually rich information about unseen lexical constraints from pre-trained language models and strengthens a copy mechanism of the pointer network via direct supervision of a copying score. We also release HOLLY, an evaluation benchmark for assessing the ability of model to cope with “homographic” and “unseen” lexical constraints. Experiments on HOLLY and the previous test setup show the effectiveness of our method. The effects of PLUMCOT are shown to be remarkable in “unseen” constraints. Our dataset is available at https://github.com/papago-lab/HOLLY-benchmark.","Yujin Baek, Koanho Lee, Dayeon Ki, Cheonbok Park, Hyoung-Gyu Lee, Jaegul Choo",2023,July,Association for Computational Linguistics,"Toronto, Canada",,,4839-4855,acl,2023.findings
23,,Negative Lexical Constraints in Neural Machine Translation,"This paper explores negative lexical constraining in English to Czech neural machine translation. Negative lexical constraining is used to prohibit certain words or expressions in the translation produced by the NMT model. We compared various methods based on modifying either the decoding process or the training data. The comparison was performed on two tasks: paraphrasing and feedback-based translation refinement. We also studied how the methods “evade” the constraints, meaning that the disallowed expression is still present in the output, but in a changed form, most interestingly the case where a different surface form (for example different inflection) is produced. We propose a way to mitigate the issue through training with stemmed negative constraints, so that the ability of the model to induce different forms of a word might be used to prohibit the usage of all possible forms of the constraint. This helps to some extent, but the problem still persists in many cases.","Josef Jon, Dusan Varis, Michal Novák, João Paulo Aires, Ondřej Bojar",2023,September,Asia-Pacific Association for Machine Translation,"Macau SAR, China",,,372–384,research,2023.mtsummit
24,10.18653/v1/2024.emnlp-main.850,Control Large Language Models via Divide and Conquer,"This paper investigates the capability of LLMs on controllable generation with prompt-based controlling, focusing on Lexically Constrained Generation (LCG). We systematically evaluate the performance of LLMs on satisfying lexical constraints with prompt-based controlling, as well as their efficacy in downstream applications. We identified three key reasons that highlight the limitations of LLMs in LCG, including (1) position bias, where LLMs tend to satisfy constraints that appear in specific positions within the input; (2) low responsiveness to control decoding parameters, which minimally impact the performance of LLMs; and (3) struggle with handling the inherent complexity of certain constraints (e.g. compound word). We conclude that black-box LLMs face significant challenges in consistently satisfying lexical constraints with prompt-based controlling. To address this bottleneck, we introduce the Divide and Conquer Generation strategy, effective for both white-box and black-box LLMs, to enhance LLMs performance in LCG tasks, which demonstrates over 90% improvement on success rate in the most challenging LCG task. Our analysis aims to provide valuable insights into the performance of LLMs in LCG with prompt-based controlling, and our proposed strategy offers a pathway to more sophisticated and customized text generation applications.","Bingxuan Li, Yiwei Wang, Tao Meng, Kai-Wei Chang, Nanyun Peng",2024,November,Association for Computational Linguistics,"Miami, Florida, USA",,,15240-15256,main,2024.emnlp
25,10.18653/v1/2024.inlg-main.1,AutoTemplate: A Simple Recipe for Lexically Constrained Text Generation,"Lexically constrained text generation is one of the constrained text generation tasks, which aims to generate text that covers all the given constraint lexicons. While the existing approaches tackle this problem using a lexically constrained beam search algorithm or dedicated model using non-autoregressive decoding, there is a trade-off between the generated text quality and the hard constraint satisfaction. We introduce AutoTemplate, a simple yet effective lexically constrained text generation framework divided into template generation and lexicalization tasks. The template generation is to generate the text with the placeholders, and lexicalization replaces them into the constraint lexicons to perform lexically constrained text generation. We conducted the experiments on two tasks: keywords-to-sentence generations and entity-guided summarization. Experimental results show that the AutoTemplate outperforms the competitive baselines on both tasks while satisfying the hard lexical constraints. The code is available at https://github.com/megagonlabs/autotemplate",Hayate Iso,2024,September,Association for Computational Linguistics,"Tokyo, Japan",,,1–12,main,2024.inlg
