"Item type","Authors","Title","Journal","Publication year","Volume","Issue","Pages","Publisher","Address","Book title","Proceedings title","Conference location","Date published","ISBN","ISSN","URLs","DOI","Abstract","Keywords","Notes","Sub-type","Series"
"Conference Paper","Li J,He Z,Shang J,McAuley J","UCEpic: Unifying Aspect Planning and Lexical Constraints for Generating Explanations in Recommendation","","2023","","","1248–1257","Association for Computing Machinery","New York, NY, USA","","Proceedings of the 29th ACM SIGKDD Conference on Knowledge Discovery and Data Mining","Long Beach, CA, USA","2023","","","https://doi.org/10.1145/3580305.3599535;http://dx.doi.org/10.1145/3580305.3599535","10.1145/3580305.3599535","Personalized natural language generation for explainable recommendations plays a key role in justifying why a recommendation might match a user's interests. Existing models usually control the generation process by aspect planning. While promising, these aspect-planning methods struggle to generate specific information correctly, which prevents generated explanations from being convincing. In this paper, we claim that introducing lexical constraints can alleviate the above issues. We propose a model, UCEpic, that generates high-quality personalized explanations for recommendation results by unifying aspect planning and lexical constraints in an insertion-based generation manner.Methodologically, to ensure text generation quality and robustness to various lexical constraints, we pre-train a non-personalized text generator via our proposed robust insertion process. Then, to obtain personalized explanations under this framework of insertion-based generation, we design a method of incorporating aspect planning and personalized references into the insertion process. Hence, UCEpic unifies aspect planning and lexical constraints into one framework and generates explanations for recommendations under different settings. Compared to previous recommendation explanation generators controlled by only aspects, UCEpic incorporates specific information from keyphrases and then largely improves the diversity and informativeness of generated explanations for recommendations on datasets such as RateBeer and Yelp.","recommender systems, natural language generation, lexical constraints, explainable recommendation","","","KDD '23"
"Journal Article","Li H,Huang G,Cai D,Liu L","Neural Machine Translation With Noisy Lexical Constraints","IEEE/ACM Trans. Audio, Speech and Lang. Proc.","2020","28","","1864–1874","IEEE Press","","","","","2020-06","","2329-9290","https://doi.org/10.1109/TASLP.2020.2999724;http://dx.doi.org/10.1109/TASLP.2020.2999724","10.1109/TASLP.2020.2999724","In neural machine translation, lexically constrained decoding generates translation outputs strictly including the constraints predefined by users, and it is beneficial to improve translation quality at the cost of more decoding overheads if the constraints are perfect. Unfortunately, those constraints may contain mistakes in real-world situations and incorrect constraints will undermine lexically constrained decoding. In this article, we propose a novel framework that is capable of improving the translation quality even if the constraints are noisy. The key to our framework is to treat the lexical constraints as external memories. More concretely, it encodes the constraints by a memory encoder and then leverages the memories by a memory integrator. Experiments demonstrate that our framework can not only deliver substantial BLEU gains in handling noisy constraints, but also achieve speedup in decoding. These results motivate us to apply our models to a new scenario where the constraints are generated without the help of users. Experiments show that our models can indeed improve the translation quality with the automatically generated constraints.","","","",""
"Conference Paper","Xu Z,Cohen D","A Lightweight Constrained Generation Alternative for Query-focused Summarization","","2023","","","1745–1749","Association for Computing Machinery","New York, NY, USA","","Proceedings of the 46th International ACM SIGIR Conference on Research and Development in Information Retrieval","Taipei, Taiwan","2023","9781450394086","","https://doi.org/10.1145/3539618.3591936;http://dx.doi.org/10.1145/3539618.3591936","10.1145/3539618.3591936","Query-focused summarization (QFS) aims to provide a summary of a document that satisfies information need of a given query and is useful in various IR applications, such as abstractive snippet generation. Current QFS approaches typically involve injecting additional information, e.g. query-answer relevance or fine-grained token-level interaction between a query and document, into a finetuned large language model. However, these approaches often require extra parameters & training, and generalize poorly to new dataset distributions. To mitigate this, we propose leveraging a recently developed constrained generation model Neurological Decoding (NLD) as an alternative to current QFS regimes which rely on additional sub-architectures and training. We first construct lexical constraints by identifying important tokens from the document using a lightweight gradient attribution model, then subsequently force the generated summary to satisfy these constraints by directly manipulating the final vocabulary likelihood. This lightweight approach requires no additional parameters or finetuning as it utilizes both an off-the-shelf neural retrieval model to construct the constraints and a standard generative language model to produce the QFS. We demonstrate the efficacy of this approach on two public QFS collections achieving near parity with the state-of-the-art model with substantially reduced complexity.","constrained generation, query-focused summarization","","","SIGIR '23"
"Journal Article","Zhang J,Luan H,Sun M,Zhai F,Xu J,Liu Y","Neural Machine Translation With Explicit Phrase Alignment","IEEE/ACM Trans. Audio, Speech and Lang. Proc.","2021","29","","1001–1010","IEEE Press","","","","","2021-02","","2329-9290","https://doi.org/10.1109/TASLP.2021.3057831;http://dx.doi.org/10.1109/TASLP.2021.3057831","10.1109/TASLP.2021.3057831","While neural machine translation has achieved state-of-the-art translation performance, it is unable to capture the alignment between the input and output during the translation process. The lack of alignment in neural machine translation models leads to three problems: it is hard to (1) interpret the translation process, (2) impose lexical constraints, and (3) impose structural constraints. These problems not only increase the difficulty of designing new architectures for neural machine translation, but also limit its applications in practice. To alleviate these problems, we propose to introduce explicit phrase alignment into the translation process of arbitrary neural machine translation models. The key idea is to build a search space similar to that of phrase-based statistical machine translation for neural machine translation where phrase alignment is readily available. We design a new decoding algorithm that can easily impose lexical and structural constraints. Experiments show that our approach makes the translation process of neural machine translation more interpretable without sacrificing translation quality. In addition, our approach achieves significant improvements in lexically and structurally constrained translation tasks.","","","",""
"Journal Article","Niwa A,Okazaki N,Wakimoto K,Nishiguchi K,Mouri M","Construction of a Corpus of Rhetorical Devices in Slogans and Structural Analysis of Antitheses","ACM Trans. Asian Low-Resour. Lang. Inf. Process.","2021","20","6","","Association for Computing Machinery","New York, NY, USA","","","","2021-08","","2375-4699","https://doi.org/10.1145/3465218;http://dx.doi.org/10.1145/3465218","10.1145/3465218","An advertising slogan is a sentence that expresses a product or a work of art in a straightforward manner and is used for advertising and publicity. Moving the consumer's mind and attracting their interest can significantly influence sales. Although rhetorical techniques in a slogan are known to improve the effectiveness of advertising, not much attention has been devoted to analyze or automatically generate sentences with the techniques. Therefore, we constructed a large corpus of slogans and revealed the linguistic characteristics of the basic statistics and rhetorical devices. Another point of focus was antitheses, of which the usage rates are relatively high and which have a specific sentence structure and lexical constraints. The generation of a slogan that contains an antithesis necessitates the structure of sentences, known as templates, to be extracted and also requires knowledge of word pairs with semantic contrast. Thus, the next step involved analysis of the structure to extract the sentence structure and lexical knowledge about the antithesis. Despite its simple architecture, the proposed method exceeds the prediction accuracy and efficiency of a comparable method. Lexical knowledge that is not available in existing dictionaries was also extracted.","structural analysis, antithesis, rhetorical device, corpus construction, Advertising slogan","","",""
"Conference Paper","Yang Q,Li Y,Hu B,Ma L,Ding Y,Zhang M","Chunk-aware Alignment and Lexical Constraint for Visual Entailment with Natural Language Explanations","","2022","","","3587–3597","Association for Computing Machinery","New York, NY, USA","","Proceedings of the 30th ACM International Conference on Multimedia","Lisboa, Portugal","2022","9781450392037","","https://doi.org/10.1145/3503161.3548284;http://dx.doi.org/10.1145/3503161.3548284","10.1145/3503161.3548284","Visual Entailment with natural language explanations aims to infer the relationship between a text-image pair and generate a sentence to explain the decision-making process. Previous methods rely mainly on a pre-trained vision-language model to perform the relation inference and a language model to generate the corresponding explanation. However, the pre-trained vision-language models mainly build token-level alignment between text and image yet ignore the high-level semantic alignment between the phrases (chunks) and visual contents, which is critical for vision-language reasoning. Moreover, the explanation generator based only on the encoded joint representation does not explicitly consider the critical decision-making points of relation inference. Thus the generated explanations are less faithful to visual-language reasoning. To mitigate these problems, we propose a unified Chunk-aware Alignment and Lexical Constraint based method, dubbed as CALeC. It contains a Chunk-aware Semantic Interactor (arr. CSI), a relation inferrer, and a Lexical Constraint-aware Generator (arr. LeCG). Specifically, CSI exploits the sentence structure inherent in language and various image regions to build chunk-aware semantic alignment. Relation inferrer uses an attention-based reasoning network to incorporate the token-level and chunk-level vision-language representations. LeCG utilizes lexical constraints to expressly incorporate the words or chunks focused by the relation inferrer into explanation generation, improving the faithfulness and informativeness of the explanations. We conduct extensive experiments on three datasets, and experimental results indicate that CALeC significantly outperforms other competitor models on inference accuracy and quality of generated explanations.","visual entailment, semantic alignment, explanation generation","","","MM '22"
"Journal Article","Wang J,Lin D,Li W","Target-constrained Bidirectional Planning for Generation of Target-oriented Proactive Dialogue","ACM Trans. Inf. Syst.","2024","42","5","","Association for Computing Machinery","New York, NY, USA","","","","2024-04","","1046-8188","https://doi.org/10.1145/3652598;http://dx.doi.org/10.1145/3652598","10.1145/3652598","Target-oriented proactive dialogue systems aim at leading conversations from a dialogue context toward a pre-determined target, such as making recommendations on designated items or introducing new specific topics. To this end, it is critical for such dialogue systems to plan reasonable actions to drive the conversation proactively, and meanwhile, to plan appropriate topics to move the conversation forward to the target topic smoothly. In this work, we mainly focus on effective dialogue planning for target-oriented dialogue generation. Inspired by decision-making theories in cognitive science, we propose a novel target-constrained bidirectional planning (TRIP) approach, which plans an appropriate dialogue path by looking ahead and looking back. By formulating the planning as a generation task, our TRIP bidirectionally generates a dialogue path consisting of a sequence of pairs using two Transformer decoders. They are expected to supervise each other and converge on consistent actions and topics by minimizing the decision gap and contrastive generation of targets. Moreover, we propose a target-constrained decoding algorithm with a bidirectional agreement to better control the planning process. Subsequently, we adopt the planned dialogue paths to guide dialogue generation in a pipeline manner, where we explore two variants: prompt-based generation and plan-controlled generation. Extensive experiments are conducted on two challenging dialogue datasets, which are re-purposed for exploring target-oriented dialogue. Our automatic and human evaluations demonstrate that the proposed methods significantly outperform various baseline models.","Target-oriented dialogue, dialogue generation, bidirectional planning","","",""
"Journal Article","Zhang H,Song H,Li S,Zhou M,Song D","A Survey of Controllable Text Generation Using Transformer-based Pre-trained Language Models","ACM Comput. Surv.","2023","56","3","","Association for Computing Machinery","New York, NY, USA","","","","2023-10","","0360-0300","https://doi.org/10.1145/3617680;http://dx.doi.org/10.1145/3617680","10.1145/3617680","Controllable Text Generation (CTG) is an emerging area in the field of natural language generation (NLG). It is regarded as crucial for the development of advanced text generation technologies that better meet the specific constraints in practical applications. In recent years, methods using large-scale pre-trained language models (PLMs), in particular the widely used Transformer-based PLMs, have become a new paradigm of NLG, allowing generation of more diverse and fluent text. However, due to the limited level of interpretability of deep neural networks, the controllability of these methods needs to be guaranteed. To this end, controllable text generation using Transformer-based PLMs has become a rapidly growing yet challenging new research hotspot. A diverse range of approaches have emerged in the past 3 to 4 years, targeting different CTG tasks that require different types of controlled constraints. In this article, we present a systematic critical review on the common tasks, main approaches, and evaluation methods in this area. Finally, we discuss the challenges that the field is facing, and put forward various promising future directions. To the best of our knowledge, this is the first survey article to summarize the state-of-the-art CTG techniques from the perspective of Transformer-based PLMs. We hope it can help researchers and practitioners in the related fields to quickly track the academic and technological frontier, providing them with a landscape of the area and a roadmap for future research.","systematic review, controllability, Transformer, pre-trained language models, Controllable text generation","","",""
"Conference Paper","Kawamae N","Friendly Conditional Text Generator","","2023","","","420–428","Association for Computing Machinery","New York, NY, USA","","Proceedings of the Sixteenth ACM International Conference on Web Search and Data Mining","Singapore, Singapore","2023","9781450394079","","https://doi.org/10.1145/3539597.3570364;http://dx.doi.org/10.1145/3539597.3570364","10.1145/3539597.3570364","Our goal is to control text generation with more fine-grained conditions at lower computational cost than is possible with current alternatives; these conditions are attributes (i.e., multiple codes and free-text). As large-scale pre-trained language models (PLMs) offer excellent performance in free-form text generation, we explore efficient architectures and training schemes that can best leverage PLMs. Our framework, Friendly Conditional Text Generator (FCTG), introduces a multi-view attention (MVA) mechanism and two training tasks, Masked Attribute Modeling (MAM) and Attribute Linguistic Matching (ALM), to direct various PLMs via modalities between the text and its attributes. The motivation of FCTG is to map texts and attributes into a shared space, and bridge their modality gaps, as the texts and attributes reside in different regions of semantic space. To avoid catastrophic forgetting, modality-free embedded representations are learnt, and used to direct PLMs in this space, FCTG applies MAM to learn attribute representations, maps them in the same space as text through MVA, and optimizes their alignment in this space via ALM. Experiments on publicly available datasets show that FCTG outperforms baselines over higher level conditions at lower computation cost.","conditional text generation, neural language generation, neural language model, transformer","","","WSDM '23"
"Conference Paper","Zhu C,Xu Y,Ren X,Lin BY,Jiang M,Yu W","Knowledge-Augmented Methods for Natural Language Processing","","2023","","","1228–1231","Association for Computing Machinery","New York, NY, USA","","Proceedings of the Sixteenth ACM International Conference on Web Search and Data Mining","Singapore, Singapore","2023","9781450394079","","https://doi.org/10.1145/3539597.3572720;http://dx.doi.org/10.1145/3539597.3572720","10.1145/3539597.3572720","Knowledge in NLP has been a rising trend especially after the advent of large-scale pre-trained models. Knowledge is critical to equip statistics-based models with common sense, logic and other external information. In this tutorial, we will introduce recent state-of-the-art works in applying knowledge in language understanding, language generation and commonsense reasoning.","commonsense reasoning, knowledge-augmented methods, language generation, natural language understanding","","","WSDM '23"
"Conference Paper","Cagrandi M,Cornia M,Stefanini M,Baraldi L,Cucchiara R","Learning to Select: A Fully Attentive Approach for Novel Object Captioning","","2021","","","437–441","Association for Computing Machinery","New York, NY, USA","","Proceedings of the 2021 International Conference on Multimedia Retrieval","Taipei, Taiwan","2021","9781450384636","","https://doi.org/10.1145/3460426.3463587;http://dx.doi.org/10.1145/3460426.3463587","10.1145/3460426.3463587","Image captioning models have lately shown impressive results when applied to standard datasets. Switching to real-life scenarios, however, constitutes a challenge due to the larger variety of visual concepts which are not covered in existing training sets. For this reason, novel object captioning (NOC) has recently emerged as a paradigm to test captioning models on objects which are unseen during the training phase. In this paper, we present a novel approach for NOC that learns to select the most relevant objects of an image, regardless of their adherence to the training set, and to constrain the generative process of a language model accordingly. Our architecture is fully-attentive and end-to-end trainable, also when incorporating constraints. We perform experiments on the held-out COCO dataset, where we demonstrate improvements over the state of the art, both in terms of adaptability to novel objects and caption quality.","region selector, novel object captioning, constrained beam search","","","ICMR '21"
"Conference Paper","Yuan J,Zhang Z","Connecting the dots: forecasting and explaining short-term market volatility","","2021","","","","Association for Computing Machinery","New York, NY, USA","","Proceedings of the First ACM International Conference on AI in Finance","New York, New York","2021","9781450375849","","https://doi.org/10.1145/3383455.3422518;http://dx.doi.org/10.1145/3383455.3422518","10.1145/3383455.3422518","Market volatility prediction is of significant theoretical and practical importance in the financial market, and the news is a significant source to influence the market. By using deep learning networks, we can forecast the volatility based on the news; meanwhile, how to explain the deep neural network is a prevalent topic, especially the attention mechanism in the NLP field. Current studies mainly focus on unveiling the principles behind attention mechanisms without considering generating human-readable explanations. In this work, we attempt to generate a human-readable explanation about the evidence that led to the prediction. To achieve our goal, we propose news-powered neural models to forecast short-term volatility and present a soft-constrained dynamic beam allocation algorithm to control the state-of-the-art language model (GPT-2) to generate fluent and informative explanations.","neural networks, market volatility, forecasting, explanation, attention mechanisms","","","ICAIF '20"
"Conference Paper","Maheshwari A,Ravindran A,Subramanian V,Ramakrishnan G","UDAAN - Machine Learning based Post-Editing tool for Document Translation","","2023","","","263–267","Association for Computing Machinery","New York, NY, USA","","Proceedings of the 6th Joint International Conference on Data Science & Management of Data (10th ACM IKDD CODS and 28th COMAD)","Mumbai, India","2023","9781450397971","","https://doi.org/10.1145/3570991.3571068;http://dx.doi.org/10.1145/3570991.3571068","10.1145/3570991.3571068","We introduce UDAAN, an open-source post-editing tool that can reduce manual editing efforts to quickly produce publishable-standard documents in several Indic languages. UDAAN has an end-to-end Machine Translation (MT) plus post-editing pipeline wherein users can upload a document to obtain raw MT output. Further, users can edit the raw translations using our tool. UDAAN offers several advantages: i. Domain-aware, vocabulary-based lexical constrained MT. ii. source-target and target-target lexicon suggestions for users. Replacements are based on the source and target texts’ lexicon alignment. iii. Translation suggestions are based on logs created during user interaction. iv. Source-target sentence alignment visualisation that reduces the cognitive load of users during editing. v. Translated outputs from our tool are available in multiple formats: docs, latex, and PDF. We also provide the facility to use around 100 in-domain dictionaries for lexicon-aware machine translation. Although we limit our experiments to English-to-Hindi translation, our tool is independent of the source and target languages. Experimental results based on the usage of the tools and users’ feedback show that our tool speeds up the translation time by approximately a factor of three compared to the baseline method of translating documents from scratch. Our tool is available for both Windows and Linux platforms. The tool is open-source under MIT license, and the source code can be accessed from our website, https://www.udaanproject.org. Demonstration and tutorial videos for various features of our tool can be accessed here. Our MT pipeline can be accessed at https://udaaniitb.aicte-india.org/udaan/translate/.","document translation, machine translation, post-editing software","","","CODS-COMAD '23"
"Journal Article","Torjmen R,Haddar K","Translation from Tunisian Dialect to Modern Standard Arabic: Exploring Finite-State Transducers and Sequence-to-Sequence Transformer Approaches","ACM Trans. Asian Low-Resour. Lang. Inf. Process.","2024","23","10","","Association for Computing Machinery","New York, NY, USA","","","","2024-10","","2375-4699","https://doi.org/10.1145/3681788;http://dx.doi.org/10.1145/3681788","10.1145/3681788","Translation from the mother tongue, including the Tunisian dialect, to modern standard Arabic is a highly significant field in natural language processing due to its wide range of applications and associated benefits. Recently, researchers have shown increased interest in the Tunisian dialect, primarily driven by the massive volume of content generated spontaneously by Tunisians on social media following the revolution. This article presents two distinct translators for converting the Tunisian dialect into Modern Standard Arabic. The first translator utilizes a rule-based approach, employing a collection of finite state transducers and a bilingual dictionary derived from the study corpus. On the other hand, the second translator relies on deep learning models, specifically the sequence-to-sequence transformer model and a parallel corpus. To assess, evaluate, and compare the performance of the two translators, we conducted tests using a parallel corpus comprising 8,599 words. The results achieved by both translators are noteworthy. The translator based on finite state transducers achieved a BLEU score of 56.65, while the transformer model-based translator achieved a higher score of 66.07.","Tunisian dialect, finite-state transducer, sequence-to-sequence transformer, machine translation","","",""
"Conference Paper","Frattini J,Junker M,Unterkalmsteiner M,Mendez D","Automatic extraction of cause-effect-relations from requirements artifacts","","2021","","","561–572","Association for Computing Machinery","New York, NY, USA","","Proceedings of the 35th IEEE/ACM International Conference on Automated Software Engineering","Virtual Event, Australia","2021","9781450367684","","https://doi.org/10.1145/3324884.3416549;http://dx.doi.org/10.1145/3324884.3416549","10.1145/3324884.3416549","Background: The detection and extraction of causality from natural language sentences have shown great potential in various fields of application. The field of requirements engineering is eligible for multiple reasons: (1) requirements artifacts are primarily written in natural language, (2) causal sentences convey essential context about the subject of requirements, and (3) extracted and formalized causality relations are usable for a (semi-)automatic translation into further artifacts, such as test cases.Objective: We aim at understanding the value of interactive causality extraction based on syntactic criteria for the context of requirements engineering.Method: We developed a prototype of a system for automatic causality extraction and evaluate it by applying it to a set of publicly available requirements artifacts, determining whether the automatic extraction reduces the manual effort of requirements formalization.Result: During the evaluation we analyzed 4457 natural language sentences from 18 requirements documents, 558 of which were causal (12.52%). The best evaluation of a requirements document provided an automatic extraction of 48.57% cause-effect graphs on average, which demonstrates the feasibility of the approach.Limitation: The feasibility of the approach has been proven in theory but lacks exploration of being scaled up for practical use. Evaluating the applicability of the automatic causality extraction for a requirements engineer is left for future research.Conclusion: A syntactic approach for causality extraction is viable for the context of requirements engineering and can aid a pipeline towards an automatic generation of further artifacts from requirements artifacts.","causality extraction, natural language processing, pattern matching, requirements artifacts","","","ASE '20"
"Book Chapter","Zielinski A,Hirzel S,Arnold-Keifer S","Enhancing Digital Libraries with Automated Definition Generation","","2025","","","","Association for Computing Machinery","New York, NY, USA","Proceedings of the 24th ACM/IEEE Joint Conference on Digital Libraries","","","2025","","","https://doi.org/10.1145/3677389.3702536;http://dx.doi.org/10.1145/3677389.3702536","10.1145/3677389.3702536","Scientific domains encompass many concepts that require a concise term definition to enable a common understanding among researchers, in particular for interdisciplinary fields. In digital libraries, information access and sharing is often facilitated by terminology databases. However, building up such resources is expensive to produce manually and requires expert knowledge. Automatically generating definitions for scientific terms has become a hot research topic recently that can reduce the manual burden. However, current methods heavily rely on large language models (LLMs) that store factual knowledge in their parameters, so that knowledge cannot be easily updated for emerging scientific terms. Furthermore, a major shortcoming of these models is that they are prone to hallucination and their output is difficult to control. To bridge these gaps, we propose to address the task of definition generation through guided abstractive summarization, incorporating key information from external resources. At test time, we augment the model with retrieved abstracts from Scopus and use automatically extracted topics and keywords as guidance, both essential for definition generation. To this aim, our approach takes into account two relevant sub-tasks in the process, a) predicting the topic class and b) generating hypernym candidates for the term. Our proposed pipelined approach for automatic guided definition generation achieves significant performance improvement over the standard baselines as well as relevant prior works on this problem. We use BLEU, ROUGE and BERTScore to automatically evaluate the quality of the systems on our benchmark and carry out a human evaluation to assess fluency, relevancy, coherence and factuality of the output. Our experiments show that LLMs can provide fluent and coherent definitions, and are often on par with human created definitions. Yet, there is still room for improvement on identifying relevant content and improving factual correctness.","","","",""
"Conference Paper","Lunghi D,Simitsis A,Caelen O,Bontempi G","Adversarial Learning in Real-World Fraud Detection: Challenges and Perspectives","","2023","","","27–33","Association for Computing Machinery","New York, NY, USA","","Proceedings of the Second ACM Data Economy Workshop","Seattle, WA, USA","2023","","","https://doi.org/10.1145/3600046.3600051;http://dx.doi.org/10.1145/3600046.3600051","10.1145/3600046.3600051","Data economy relies on data-driven systems and complex machine learning applications are fueled by them. Unfortunately, however, machine learning models are exposed to fraudulent activities and adversarial attacks, which threaten their security and trustworthiness. In the last decade or so, the research interest on adversarial machine learning has grown significantly, revealing how learning applications could be severely impacted by effective attacks. Although early results of adversarial machine learning indicate the huge potential of the approach to specific domains such as image processing, still there is a gap in both the research literature and practice regarding how to generalize adversarial techniques in other domains and applications. Fraud detection is a critical defense mechanism for data economy, as it is for other applications as well, which poses several challenges for machine learning. In this work, we describe how attacks against fraud detection systems differ from other applications of adversarial machine learning, and propose a number of interesting directions to bridge this gap.","Security, Fraud Detection, Evasion, Adversarial","","","DEC '23"
"Journal Article","San ME,Usanavasin S,Thu YK,Okumura M","A Study for Enhancing Low-resource Thai-Myanmar-English Neural Machine Translation","ACM Trans. Asian Low-Resour. Lang. Inf. Process.","2024","23","4","","Association for Computing Machinery","New York, NY, USA","","","","2024-04","","2375-4699","https://doi.org/10.1145/3645111;http://dx.doi.org/10.1145/3645111","10.1145/3645111","Several methodologies have recently been proposed to enhance the performance of low-resource Neural Machine Translation (NMT). However, these techniques have yet to be explored thoroughly in the low-resource Thai and Myanmar languages. Therefore, we first applied augmentation techniques such as SwitchOut and Ciphertext Based Data Augmentation (CipherDAug) to improve NMT performance in these languages. Second, we enhanced the NMT performance by fine-tuning the pre-trained Multilingual Denoising BART model (mBART), where BART denotes Bidirectional and Auto-Regressive Transformer. We implemented three NMT systems: namely, Transformer+SwitchOut, Multi-Source Transformer+CipherDAug, and fine-tuned mBART in the bidirectional translations of Thai-English-Myanmar language pairs from the ASEAN-MT corpus. Experimental results showed that Multi-Source Transformer+CipherDAug significantly improved Bilingual Evaluation Understudy (BLEU), Character n-gram F-score (ChrF), and Translation Error Rate (TER) scores over the first baseline Transformer and second baseline Edit-Based Transformer. The model achieved notable BLEU scores: 37.9 (English-to-Thai), 42.7 (Thai-to-English), 28.9 (English-to-Myanmar), 31.2 (Myanmar-to-English), 25.3 (Thai-to-Myanmar), and 25.5 (Myanmar-to-Thai). The fine-tuned mBART model also considerably outperformed the two baselines, except for the Myanmar-to-English pair. SwitchOut improved over the second baseline in all pairs and performed similarly to the first baseline in most cases. Last, we performed detailed analyses verifying that the CipherDAug and mBART models potentially facilitate improving low-resource NMT performance in Thai and Myanmar languages.","Low-resource, neural machine translation, data augmentation, fine-tuning pre-trained model, linguistic features","","",""
"Journal Article","Dong J","Transfer Learning-Based Neural Machine Translation for Low-Resource Languages","ACM Trans. Asian Low-Resour. Lang. Inf. Process.","2023","","","","Association for Computing Machinery","New York, NY, USA","","","","2023-09","","2375-4699","https://doi.org/10.1145/3618111;http://dx.doi.org/10.1145/3618111","10.1145/3618111","College of Liberal Arts, Ludong University, Yantai 264025, ChinaChinese Lexicography Research Center, Yantai 264025, ChinaNeural Machine Translation (NMT) improves readability by augmenting sentence suggestions based on the precise likelihood of the words. The word suggestions are trained using learning paradigms through repeated translations, word searches, and user inputs. However, the challenging process is the implication of NMT for low-resource language wherein the chances of false suggestions/ word substitutions are high. So, this article proposes a Likelihood-based Machine Translation Model (LMTM) for low-resource languages. The model uses word frequency and potential substitutions from less-known sentences to identify sentences with high precision. This is achieved through a combination of recurrence and substitutions using transfer learning. The identified high-likelihood words are used for sentence augmentation, and the entire set of words from the generated sentence updates the learning paradigm. The model suggests the highest likelihood words for NMT, preventing sentence falsification and ensuring accurate translations. The proposed model increases likelihood by 9.15%, correctness by 7.46%, and substitutions by 7.7%, respectively. It reduces falsification and time complexity by 9.33% and 8.52%, respectively. Overall, the LMTM improves translation quality for low-resource languages.","Word Suggestions, Transfer Learning, NMT, Likelihood","Just Accepted","",""
"Conference Paper","Ermakova L,Bosser AG,Jatowt A,Miller T","The JOKER Corpus: English-French Parallel Data for Multilingual Wordplay Recognition","","2023","","","2796–2806","Association for Computing Machinery","New York, NY, USA","","Proceedings of the 46th International ACM SIGIR Conference on Research and Development in Information Retrieval","Taipei, Taiwan","2023","9781450394086","","https://doi.org/10.1145/3539618.3591885;http://dx.doi.org/10.1145/3539618.3591885","10.1145/3539618.3591885","Despite recent advances in information retrieval and natural language processing, rhetorical devices that exploit ambiguity or subvert linguistic rules remain a challenge for such systems. However, corpus-based analysis of wordplay has been a perennial topic of scholarship in the humanities, including literary criticism, language education, and translation studies. The immense data-gathering effort required for these studies points to the need for specialized text retrieval and classification technology, and consequently for appropriate test collections. In this paper, we introduce and analyze a new dataset for research and applications in the retrieval and processing of wordplay. Developed for the JOKER track at CLEF 2023, our annotated corpus extends and improves upon past English wordplay detection datasets in several ways. First, we introduce hundreds of additional positive examples of wordplay; second, we provide French translations for the examples; and third, we provide negative examples of non-wordplay with characteristics closely matching those of the positive examples. This last feature helps ensure that AI models learn to effectively distinguish wordplay from non-wordplay, and not simply texts differing in length, style, or vocabulary. Our test collection represents then a step towards wordplay-aware multilingual information retrieval.","annotated datasets for machine learning, parallel corpora, text classification, wordplay detection, wordplay location, wordplay retrieval & analysis","","","SIGIR '23"
"Conference Paper","Habba E,Keydar R,Bareket D,Stanovsky G","The Perfect Victim: Computational Analysis of Judicial Attitudes towards Victims of Sexual Violence","","2023","","","111–120","Association for Computing Machinery","New York, NY, USA","","Proceedings of the Nineteenth International Conference on Artificial Intelligence and Law","Braga, Portugal","2023","","","https://doi.org/10.1145/3594536.3595168;http://dx.doi.org/10.1145/3594536.3595168","10.1145/3594536.3595168","We develop computational models to analyze court statements in order to assess judicial attitudes toward victims of sexual violence in the Israeli court system. The study examines the resonance of ""rape myths"" in the criminal justice system's response to sex crimes, in particular in judicial assessment of victim's credibility. We begin by formulating an ontology for evaluating judicial attitudes toward victim's credibility, with eight ordinal labels and binary categorizations. Second, we curate a manually annotated dataset for judicial assessments of victim's credibility in the Hebrew language, as well as a model that can extract credibility labels from court cases. The dataset consists of 855 verdict decision documents in sexual assault cases from 1990-2021, annotated with the help of legal experts and trained law students. The model uses a combined approach of syntactic and latent structures to find sentences that convey the judge's attitude towards the victim and classify them according to the credibility label set. Our ontology, data, and models will be made available upon request, in the hope they spur future progress in this judicial important task.","Judicial decision making, Rape myths, Sexual violence, Witness credibility","","","ICAIL '23"
"Journal Article","Wang H,Tao Q,Du S,Luo X","An Extensible Framework of Leveraging Syntactic Skeleton for Semantic Relation Classification","ACM Trans. Asian Low-Resour. Lang. Inf. Process.","2020","19","6","","Association for Computing Machinery","New York, NY, USA","","","","2020-09","","2375-4699","https://doi.org/10.1145/3402885;http://dx.doi.org/10.1145/3402885","10.1145/3402885","Relation classification is one of the most fundamental upstream tasks in natural language processing and information extraction. State-of-the-art approaches make use of various deep neural networks (DNNs) to extract higher-level features directly. They can easily access to accurate classification results by taking advantage of both local entity features and global sentential features. Recent works on relation classification devote efforts to modify these neural networks, but less attention has been paid to the feature design concerning syntax. However, from a linguistic perspective, syntactic features are essential for relation classification. In this article, we present a novel linguistically motivated approach that enhances relation classification by imposing additional syntactic constraints. We investigate to leverage syntactic skeletons along with the sentential contexts to identify hidden relation types. The syntactic skeletons are extracted under the guidance of prior syntax knowledge. During extraction, the input sentences are recursively decomposed into syntactically shorter and simpler chunks. Experimental results on the SemEval-2010 Task 8 benchmark show that incorporating syntactic skeletons into current DNN models enhances the task of relation classification. Our systems significantly surpass two strong baseline systems. One of the substantial advantages of our proposal is that this framework is extensible for most current DNN models.","syntactic skeleton, relation classification, Neural network","","",""
"Conference Paper","Gao H,Treude C,Zahedi M","Evaluating Transfer Learning for Simplifying GitHub READMEs","","2023","","","1548–1560","Association for Computing Machinery","New York, NY, USA","","Proceedings of the 31st ACM Joint European Software Engineering Conference and Symposium on the Foundations of Software Engineering","San Francisco, CA, USA","2023","","","https://doi.org/10.1145/3611643.3616291;http://dx.doi.org/10.1145/3611643.3616291","10.1145/3611643.3616291","Software documentation captures detailed knowledge about a software product, e.g., code, technologies, and design. It plays an important role in the coordination of development teams and in conveying ideas to various stakeholders. However, software documentation can be hard to comprehend if it is written with jargon and complicated sentence structure. In this study, we explored the potential of text simplification techniques in the domain of software engineering to automatically simplify GitHub README files. We collected software-related pairs of GitHub README files consisting of 14,588 entries, aligned difficult sentences with their simplified counterparts, and trained a Transformer-based model to automatically simplify difficult versions. To mitigate the sparse and noisy nature of the software-related simplification dataset, we applied general text simplification knowledge to this field. Since many general-domain difficult-to-simple Wikipedia document pairs are already publicly available, we explored the potential of transfer learning by first training the model on the Wikipedia data and then fine-tuning it on the README data. Using automated BLEU scores and human evaluation, we compared the performance of different transfer learning schemes and the baseline models without transfer learning. The transfer learning model using the best checkpoint trained on a general topic corpus achieved the best performance of 34.68 BLEU score and statistically significantly higher human annotation scores compared to the rest of the schemes and baselines. We conclude that using transfer learning is a promising direction to circumvent the lack of data and drift style problem in software README files simplification and achieved a better trade-off between simplification and preservation of meaning.","GitHub, Software Documentation, Text Simplification, Transfer Learning","","","ESEC/FSE 2023"
"Journal Article","Lin W,Mak MW","Model-Agnostic Meta-Learning for Fast Text-Dependent Speaker Embedding Adaptation","IEEE/ACM Trans. Audio, Speech and Lang. Proc.","2023","31","","1866–1876","IEEE Press","","","","","2023-05","","2329-9290","https://doi.org/10.1109/TASLP.2023.3275029;http://dx.doi.org/10.1109/TASLP.2023.3275029","10.1109/TASLP.2023.3275029","By constraining the lexical content of input speech, text-dependent speaker verification (TD-SV) offers more reliable performance than text-independent speaker verification (TI-SV) when dealing with short utterances. Because speech with constrained lexical content is harder to collect, often TD models are fine-tuned from a TI model using a small target phrase dataset. However, sometimes the target phrase dataset is too tiny for fine-tuning, which is the main obstacle for deploying TD-SV. One solution is to fine-tune the model using medium-size multi-phrase TD data and then deploy the model on the target phrase. Although this strategy does help in some cases, the performance is still sub-optimal because the model is not optimized for the target phrase. Inspired by the recent progress in meta-learning, we propose a three-stage pipeline for adapting a TI model to a TD model for the target phrase. Firstly, a TI model is trained using a large amount of speech data. Then, we use a multi-phrase TD dataset to tune the TI model via model-agnostic meta-learning. Finally, we perform fast adaptation using a small target phrase dataset. Results show that the three-stage pipeline consistently outperforms multi-phrase and target phrase fine-tuning.","","","",""
"Journal Article","Lai H,Nissim M","A Survey on Automatic Generation of Figurative Language: From Rule-based Systems to Large Language Models","ACM Comput. Surv.","2024","56","10","","Association for Computing Machinery","New York, NY, USA","","","","2024-05","","0360-0300","https://doi.org/10.1145/3654795;http://dx.doi.org/10.1145/3654795","10.1145/3654795","Figurative language generation (FLG) is the task of reformulating a given text to include a desired figure of speech, such as a hyperbole, a simile, and several others, while still being faithful to the original context. This is a fundamental, yet challenging task in Natural Language Processing (NLP), which has recently received increased attention due to the promising performance brought by pre-trained language models. Our survey provides a systematic overview of the development of FLG, mostly in English, starting with the description of some common figures of speech, their corresponding generation tasks, and datasets. We then focus on various modelling approaches and assessment strategies, leading us to discussing some challenges in this field, and suggesting some potential directions for future research. To the best of our knowledge, this is the first survey that summarizes the progress of FLG including the most recent development in NLP. We also organize corresponding resources, e.g., article lists and datasets, and make them accessible in an open repository. We hope this survey can help researchers in NLP and related fields to easily track the academic frontier, providing them with a landscape and a roadmap of this area.","Figurative language, language generation, systematic review","","",""
"Journal Article","Al-Thanyyan SS,Azmi AM","Automated Text Simplification: A Survey","ACM Comput. Surv.","2021","54","2","","Association for Computing Machinery","New York, NY, USA","","","","2021-03","","0360-0300","https://doi.org/10.1145/3442695;http://dx.doi.org/10.1145/3442695","10.1145/3442695","Text simplification (TS) reduces the complexity of the text to improve its readability and understandability, while possibly retaining its original information content. Over time, TS has become an essential tool in helping those with low literacy levels, non-native learners, and those struggling with various types of reading comprehension problems. In addition, it is used in a preprocessing stage to enhance other NLP tasks. This survey presents an extensive study of current research studies in the field of TS, as well as covering resources, corpora, and evaluation methods that have been used in those studies.","syntactic simplification, survey, monolingual machine translation, lexical simplification, Text simplification","","",""
"Conference Paper","Harting T,Mesbah S,Lofi C","LOREM: Language-consistent Open Relation Extraction from Unstructured Text","","2020","","","1830–1838","Association for Computing Machinery","New York, NY, USA","","Proceedings of The Web Conference 2020","Taipei, Taiwan","2020","9781450370233","","https://doi.org/10.1145/3366423.3380252;http://dx.doi.org/10.1145/3366423.3380252","10.1145/3366423.3380252","We introduce a Language-consistent multi-lingual Open Relation Extraction Model (LOREM) for finding relation tuples of any type between entities in unstructured texts. LOREM does not rely on language-specific knowledge or external NLP tools such as translators or PoS-taggers, and exploits information and structures that are consistent over different languages. This allows our model to be easily extended with only limited training efforts to new languages, but also provides a boost to performance for a given single language. An extensive evaluation performed on 5 languages shows that LOREM outperforms state-of-the-art mono-lingual and cross-lingual open relation extractors. Moreover, experiments on languages with no or only little training data indicate that LOREM generalizes to other languages than the languages that it is trained on.","text mining, open domain relation extraction, multi-lingual relation extraction","","","WWW '20"
"Journal Article","Zhou M,Huang M,Zhu X","Robust Reading Comprehension With Linguistic Constraints via Posterior Regularization","IEEE/ACM Trans. Audio, Speech and Lang. Proc.","2020","28","","2500–2510","IEEE Press","","","","","2020-09","","2329-9290","https://doi.org/10.1109/TASLP.2020.3016132;http://dx.doi.org/10.1109/TASLP.2020.3016132","10.1109/TASLP.2020.3016132","In spite of the great advancements of machine reading comprehension (RC), existing RC models are still vulnerable and not robust to different types of adversarial examples. Neural models over-confidently predict wrong answers to semantic different adversarial examples, while over-sensitively predict wrong answers to semantic equivalent adversarial examples. Existing methods which improve the robustness of such neural models merely mitigate one of the two issues but ignore the other. In this article, we address the over-confidence issue and the over-sensitivity issue existing in current RC models simultaneously with the help of external linguistic knowledge. We first incorporate external knowledge to impose different linguistic constraints (entity constraint, lexical constraint, and predicate constraint), and then regularize RC models through posterior regularization. Linguistic constraints induce more reasonable predictions for both semantic different and semantic equivalent adversarial examples, and posterior regularization provides an effective mechanism to incorporate these constraints. Our method can be applied to any existing neural RC models including state-of-the-art BERT models. Extensive experiments show that our method remarkably improves the robustness of base RC models, and is better to cope with these two issues simultaneously.","","","",""
"Journal Article","Guo B,Wang H,Ding Y,Wu W,Hao S,Sun Y,Yu Z","Conditional Text Generation for Harmonious Human-Machine Interaction","ACM Trans. Intell. Syst. Technol.","2021","12","2","","Association for Computing Machinery","New York, NY, USA","","","","2021-02","","2157-6904","https://doi.org/10.1145/3439816;http://dx.doi.org/10.1145/3439816","10.1145/3439816","In recent years, with the development of deep learning, text-generation technology has undergone great changes and provided many kinds of services for human beings, such as restaurant reservation and daily communication. The automatically generated text is becoming more and more fluent so researchers begin to consider more anthropomorphic text-generation technology, that is, the conditional text generation, including emotional text generation, personalized text generation, and so on. Conditional Text Generation (CTG) has thus become a research hotspot. As a promising research field, we find that much attention has been paid to exploring it. Therefore, we aim to give a comprehensive review of the new research trends of CTG. We first summarize several key techniques and illustrate the technical evolution route in the field of neural text generation, based on the concept model of CTG. We further make an investigation of existing CTG fields and propose several general learning models for CTG. Finally, we discuss the open issues and promising research directions of CTG.","personalization, dialog systems, deep learning, conditional text generation, Human-computer interaction","","",""
"Journal Article","Lin L,Mu H,Zhai Z,Wang M,Wang Y,Wang R,Gao J,Zhang Y,Che W,Baldwin T,Han X,Li H","Against The Achilles' Heel: A Survey on Red Teaming for Generative Models","J. Artif. Int. Res.","2025","82","","","AI Access Foundation","El Segundo, CA, USA","","","","2025-04","","1076-9757","https://doi.org/10.1613/jair.1.17654;http://dx.doi.org/10.1613/jair.1.17654","10.1613/jair.1.17654","Generative models are rapidly gaining popularity and being integrated into everyday applications, raising concerns over their safe use as various vulnerabilities are exposed. In light of this, the field of red teaming is undergoing fast-paced growth, highlighting the need for a comprehensive survey covering the entire pipeline and addressing emerging topics. Our extensive survey, which examines over 120 papers, introduces a taxonomy of fine-grained attack strategies grounded in the inherent capabilities of language models. Additionally, we have developed the “searcher” framework to unify various automatic red teaming approaches. Moreover, our survey covers novel areas including multimodal attacks and defenses, risks around LLM-based agents, overkill of harmless queries, and the balance between harmlessness and helpfulness. Warning: This paper contains examples that may be offensive, harmful, or biased.","decision trees, machine learning, neural networks, probabilistic reasoning","","",""
"Journal Article","Qi S,Zheng L,Shang F","Dependency Parsing-based Entity Relation Extraction over Chinese Complex Text","ACM Trans. Asian Low-Resour. Lang. Inf. Process.","2021","20","4","","Association for Computing Machinery","New York, NY, USA","","","","2021-06","","2375-4699","https://doi.org/10.1145/3450273;http://dx.doi.org/10.1145/3450273","10.1145/3450273","Open Relation Extraction (ORE) plays a significant role in the field of Information Extraction. It breaks the limitation that traditional relation extraction must pre-define relational types in the annotated corpus and specific domains restrictions, to realize the goal of extracting entities and the relation between entities in the open domain. However, with the increase of sentence complexity, the precision and recall of Entity Relation Extraction will be significantly reduced. To solve this problem, we present an unsupervised Clause_CORE method based on Chinese grammar and dependency parsing features. Clause_CORE is used for complex sentences processing, including decomposing complex sentence and dynamically complementing sentence components, which can reduce sentences complexity and maintain the integrity of sentences at the same time. Then, we perform dependency parsing for complete sentences and implement open entity relation extraction based on the model constructed by Chinese grammar rules. The experimental results show that the performance of Clause_CORE method is better than that of other advanced Chinese ORE systems on Wikipedia and Sina news datasets, which proves the correctness and effectiveness of the method. The results on mixed datasets of news data and encyclopedia data prove the generalization and portability of the method.","unsupervised, Chinese grammar rules, complex sentences processed, dependency parsing, Open entity relation extraction","","",""
"Journal Article","Alhussain AI,Azmi AM","Automatic Story Generation: A Survey of Approaches","ACM Comput. Surv.","2021","54","5","","Association for Computing Machinery","New York, NY, USA","","","","2021-05","","0360-0300","https://doi.org/10.1145/3453156;http://dx.doi.org/10.1145/3453156","10.1145/3453156","Computational generation of stories is a subfield of computational creativity where artificial intelligence and psychology intersect to teach computers how to mimic humans’ creativity. It helps generate many stories with minimum effort and customize the stories for the users’ education and entertainment needs. Although the automatic generation of stories started to receive attention many decades ago, advances in this field to date are less than expected and suffer from many limitations. This survey presents an extensive study of research in the area of non-interactive textual story generation, as well as covering resources, corpora, and evaluation methods that have been used in those studies. It also shed light on factors of story interestingness.","survey, story generation, evaluation, datasets, Text generation","","",""
"Book","","DEC '23: Proceedings of the Second ACM Data Economy Workshop","","2023","","","","Association for Computing Machinery","New York, NY, USA","","","Seattle, WA, USA","2023","","","","","","","","Proceedings",""
"Book","","CODS-COMAD '23: Proceedings of the 6th Joint International Conference on Data Science & Management of Data (10th ACM IKDD CODS and 28th COMAD)","","2023","","","","Association for Computing Machinery","New York, NY, USA","","","Mumbai, India","2023","9781450397971","","","","","","","Proceedings",""
"Book","","ICAIL '23: Proceedings of the Nineteenth International Conference on Artificial Intelligence and Law","","2023","","","","Association for Computing Machinery","New York, NY, USA","","","Braga, Portugal","2023","","","","","It is my great pleasure to present to you the proceedings of the Nineteenth International Conference on Artificial Intelligence and Law (ICAIL 2023). The conference will be held June 19-23 at the Universidade do Minho in Braga, Portugal. It has been organized by the International Association for Artificial Intelligence and Law (IAAIL) and is held in cooperation with AAAI and ACM SIGAI. IAAIL's mission is to facilitate research, collaboration, and interdisciplinary communication at the intersection of law and the technical disciplines belonging to the field of artificial intelligence. The first ICAIL conference was held in 1987 and its 2023 iteration is the first to be held in person again after the Covid-19 pandemic.","","","Proceedings",""
"Book","","ESEC/FSE 2023: Proceedings of the 31st ACM Joint European Software Engineering Conference and Symposium on the Foundations of Software Engineering","","2023","","","","Association for Computing Machinery","New York, NY, USA","","","San Francisco, CA, USA","2023","","","","","We are pleased to welcome all delegates to ESEC/FSE 2023, the ACM Joint European Software Engineering Conference and Symposium on the Foundations of Software Engineering. ESEC/FSE is an internationally renowned forum for researchers, practitioners, and educators to present and discuss the most recent innovations, trends, experiences, and challenges in the field of software engineering. ESEC/FSE brings together experts from academia and industry to exchange the latest research results and trends as well as their practical application in all areas of software engineering.","","","Proceedings",""
