,authors,title,venue,volume,number,pages,year,type,access,key,doi,ee,url
0,"Zishan Ahmad, Vinnakota Sai Sujeeth, Asif Ekbal",Zero-Shot Hate to Non-Hate Text Conversion Using Lexical Constraints.,IEEE Trans. Comput. Soc. Syst.,10,5,2479-2488,2023,Journal Articles,closed,journals/tcss/AhmadSE23,10.1109/TCSS.2022.3175259,https://doi.org/10.1109/TCSS.2022.3175259,https://dblp.org/rec/journals/tcss/AhmadSE23
1,"Yujin Baek, Koanho Lee, Dayeon Ki, Cheonbok Park, Hyoung-Gyu Lee, Jaegul Choo",Towards Accurate Translation via Semantically Appropriate Application of Lexical Constraints.,ACL,,,4839-4855,2023,Conference and Workshop Papers,open,conf/acl/BaekLKPLC23,10.18653/V1/2023.FINDINGS-ACL.298,https://doi.org/10.18653/v1/2023.findings-acl.298,https://dblp.org/rec/conf/acl/BaekLKPLC23
2,"Jiacheng Li 0003, Zhankui He, Jingbo Shang, Julian J. McAuley",UCEpic: Unifying Aspect Planning and Lexical Constraints for Generating Explanations in Recommendation.,KDD,,,1248-1257,2023,Conference and Workshop Papers,closed,conf/kdd/LiHSM23,10.1145/3580305.3599535,https://doi.org/10.1145/3580305.3599535,https://dblp.org/rec/conf/kdd/LiHSM23
3,"Yujin Baek, Koanho Lee, Dayeon Ki, Hyoung-Gyu Lee, Cheonbok Park, Jaegul Choo",Towards Accurate Translation via Semantically Appropriate Application of Lexical Constraints.,CoRR,abs/2306.12089,,,2023,Informal and Other Publications,open,journals/corr/abs-2306-12089,10.48550/ARXIV.2306.12089,https://doi.org/10.48550/arXiv.2306.12089,https://dblp.org/rec/journals/corr/abs-2306-12089
4,"Josef Jon, Dusan Varis, Michal Novák, João Paulo Aires, Ondrej Bojar",Negative Lexical Constraints in Neural Machine Translation.,CoRR,abs/2308.03601,,,2023,Informal and Other Publications,open,journals/corr/abs-2308-03601,10.48550/ARXIV.2308.03601,https://doi.org/10.48550/arXiv.2308.03601,https://dblp.org/rec/journals/corr/abs-2308-03601
5,"Shuo Wang 0013, Zhixing Tan, Yang Liu 0005",Integrating Vectorized Lexical Constraints for Neural Machine Translation.,ACL,,,7063-7073,2022,Conference and Workshop Papers,open,conf/acl/WangTL22,10.18653/V1/2022.ACL-LONG.487,https://doi.org/10.18653/v1/2022.acl-long.487,https://dblp.org/rec/conf/acl/WangTL22
6,"Chun Zeng, Jiangjie Chen, Tianyi Zhuang, Rui Xu 0026, Hao Yang 0006, Ying Qin, Shimin Tao, Yanghua Xiao",Neighbors Are Not Strangers: Improving Non-Autoregressive Translation under Low-Frequency Lexical Constraints.,NAACL-HLT,,,5777-5790,2022,Conference and Workshop Papers,open,conf/naacl/ZengCZXYQTX22,10.18653/V1/2022.NAACL-MAIN.424,https://doi.org/10.18653/v1/2022.naacl-main.424,https://dblp.org/rec/conf/naacl/ZengCZXYQTX22
7,"Shuo Wang 0013, Zhixing Tan, Yang Liu 0005",Integrating Vectorized Lexical Constraints for Neural Machine Translation.,CoRR,abs/2203.12210,,,2022,Informal and Other Publications,open,journals/corr/abs-2203-12210,10.48550/ARXIV.2203.12210,https://doi.org/10.48550/arXiv.2203.12210,https://dblp.org/rec/journals/corr/abs-2203-12210
8,"Chun Zeng, Jiangjie Chen, Tianyi Zhuang, Rui Xu 0026, Hao Yang 0006, Ying Qin, Shimin Tao, Yanghua Xiao",Neighbors Are Not Strangers: Improving Non-Autoregressive Translation under Low-Frequency Lexical Constraints.,CoRR,abs/2204.13355,,,2022,Informal and Other Publications,open,journals/corr/abs-2204-13355,10.48550/ARXIV.2204.13355,https://doi.org/10.48550/arXiv.2204.13355,https://dblp.org/rec/journals/corr/abs-2204-13355
9,"Jiacheng Li 0003, Zhankui He, Jingbo Shang, Julian J. McAuley",UCEpic: Unifying Aspect Planning and Lexical Constraints for Explainable Recommendation.,CoRR,abs/2209.13885,,,2022,Informal and Other Publications,open,journals/corr/abs-2209-13885,10.48550/ARXIV.2209.13885,https://doi.org/10.48550/arXiv.2209.13885,https://dblp.org/rec/journals/corr/abs-2209-13885
10,"Weijia Xu, Marine Carpuat",EDITOR: an Edit-Based Transformer with Repositioning for Neural Machine Translation with Soft Lexical Constraints.,Trans. Assoc. Comput. Linguistics,9,,311-328,2021,Journal Articles,open,journals/tacl/XuC21,10.1162/TACL_A_00368,https://doi.org/10.1162/tacl_a_00368,https://dblp.org/rec/journals/tacl/XuC21
11,"Yuning Mao, Wenchang Ma, Deren Lei, Xiang Ren 0001","Extract, Denoise, and Enforce: Evaluating and Predicting Lexical Constraints for Conditional Text Generation.",CoRR,abs/2104.08724,,,2021,Informal and Other Publications,open,journals/corr/abs-2104-08724,,https://arxiv.org/abs/2104.08724,https://dblp.org/rec/journals/corr/abs-2104-08724
12,"Huayang Li, Guoping Huang, Deng Cai 0002, Lemao Liu",Neural Machine Translation With Noisy Lexical Constraints.,IEEE ACM Trans. Audio Speech Lang. Process.,28,,1864-1874,2020,Journal Articles,closed,journals/taslp/LiHCL20,10.1109/TASLP.2020.2999724,https://doi.org/10.1109/TASLP.2020.2999724,https://dblp.org/rec/journals/taslp/LiHCL20
13,"Seemab Latif, Sarmad Bashir, Mir Muntasar Ali Agha, Rabia Latif",Backward-Forward Sequence Generative Network for Multiple Lexical Constraints.,AIAI,,,39-50,2020,Conference and Workshop Papers,closed,conf/ifip12/LatifBAL20,10.1007/978-3-030-49186-4_4,https://doi.org/10.1007/978-3-030-49186-4_4,https://dblp.org/rec/conf/ifip12/LatifBAL20
14,"Weijia Xu, Marine Carpuat",EDITOR: an Edit-Based Transformer with Repositioning for Neural Machine Translation with Soft Lexical Constraints.,CoRR,abs/2011.06868,,,2020,Informal and Other Publications,open,journals/corr/abs-2011-06868,,https://arxiv.org/abs/2011.06868,https://dblp.org/rec/journals/corr/abs-2011-06868
