included in review,title,year,Use case,authors,doi,type,venue,journal,Training Method,Decoding Method,Architectural Method,Non Autoregressive,CommonGen CIDER,CommonGen Bleu-4,YELP BLEU-2,YELP BLEU-4
Y,Ontology-Constrained Generation of Domain-Specific Clinical Summaries,2024,Critical,,,,,,Y,Y,N,N,,,,
Y,"Guiding LLMs The Right Way Fast, Non-Invasive Constrained Generation ",2024,,,,,,,N,Y,N,N,,,,
Y,CGF Constrained Generation Framework for Query Rewriting in Conversational AI,2022,Chatbot,,,,,,N,Y,N,N,,,,
Y,On the Role of Pre-trained Language Models in Word Ordering  A Case Study with BART,2022,,,,,,,N,Y,N,N,15.5,,,
Y,Constrained Language Models Yield Few-Shot Semantic Parsers,2021,,,,,,,N,Y,N,N,15.2,28.2,,
Y,Relation-Constrained Decoding for Text Generation,2022,,,,,,,N,Y,N,N,14.7,26.7,,
Y,Lexically Constrained Decoding with Edit Operation Prediction for Controllable Text Simplification,2022,Paraphrasing,,,,,,N,Y,N,N,15.38,,,
Y,Homophonic Pun Generation with Lexically Constrained Rewriting,2020,,,,,,,N,Y,N,N,,,,
Y, Distilling Script Knowledge from Large Language Models for Constrained Language Planning ,2023,Chatbot,,,,,,Y,Y,Y,N,,,,
Y, Grammar-constrained decoding for structured information extraction with fine-tuned generative models applied to clinical trial abstracts ,2025,Critical,,,,,,Y,N,N,N,,,,
Y, Neural Machine Translation with Inflected Lexicon,2021,Translation,,,,,,N,N,Y,Y,,,3.06,
Y, Controllable Text Generation with Neurally-Decomposed Oracle                                                 ,2022,,,,,,,N,N,Y,Y,,,,
Y, Encouraging Neural Machine Translation to Satisfy  Terminology Constraints                                   ,2021,,,,,,,N,N,Y,N,,,,
Y, BioBART Pretraining and Evaluation of A Biomedical Generative Language Model,2022,Clinical,,,,,,N,N,Y,Y,,,19.4,
Y, A Controllable Model of Grounded Response Generation                                                         ,2021,,,,,,,N,N,Y,N,17.48,,,
Y, Addressing Entity Translation Problem via Translation Difficulty and Context Diversity data augmentation     ,2024,,,,,,,N,N,Y,Y,,,,
Y,Tractable Control for Autoregressive Language Generation,2023,,,,,,,N,N,Y,Y,,,16.78,
Y, GTAE Graph-Transformer based Auto-Encoders for Linguistic-Constrained Text Style Transfer novel graph transformer layer,2021,Style Transfer,,,,,,N,Y,N,N,10.7,17.8,,
Y,Lexical-Constraint-Aware Neural Machine Translation via Data Augmentation,2021,Translation,,,,,,N,N,N,N,,,,
Y,Iterative Constrained Back-Translation for Unsupervised Domain Adaptation of Machine Translation,2022,Translation,,,,,,N,Y,Y,N,,,,
Y,A Pseudo-Semantic Loss for Autoregressive Models with Logical Constraints,2023,Detoxification,,,,,,Y,N,N,N,,,,
Y,BioNLI: Generating a Biomedical NLI Dataset Using Lexico-semantic Constraints for Adversarial Examples,2022,Clinical,,,,,,N,Y,N,N,,,,
Y,PAXQA: Generating Cross-lingual Question Answering Examples at Training Scale,2023,Translation,,,,,,Y,N,N,N,,,,
Y,Guided Generation of Cause and Effect,2021,,,,,,,Y,N,Y,N,,,,
Y,Paraphrase Generation as Zero-Shot Multilingual Translation: Disentangling Semantic Similarity from Lexical and Syntactic Diversity,2020,Paraphrasing,,,,,,N,Y,Y,N,,,,
Y,Improving Lexically Constrained Neural Machine Translation with Source-Conditioned Masked Span Prediction,2021,Translation,,,,,,N,Y,Y,N,,,,
Y,GCPG: A General Framework for Controllable Paraphrase Generation,2022,Paraphrasing,,,,,,Y,N,N,N,,,,
Y,HeLo: Learning-Free Lookahead Decoding for Conversation Infilling,2022,Chatbot,,,,,,N,Y,N,Y,,,,
Y,Grammar-Constrained Decoding for Structured NLP Tasks without Finetuning,2023,,,,,,,N,Y,N,N,,,,
X (P),Generating Summaries with Controllable Readability Levels,2023,,,,,,,Y,Y,Y,N,,,,
Y,Controllable Paraphrase Generation for Semantic and Lexical Similarities,2024,Paraphrasing,,,,,,Y,N,N,N,,,,
Y,Controllable Text Simplification with Explicit Paraphrasing,2020,Paraphrasing,,,,,,Y,N,Y,N,,,,
Y,Constraining the Transformer NMT Model with Heuristic Grid Beam Search,2020,Translation,,,,,,N,Y,N,N,,,,
Y,Controllable Sentence Simplification with a Unified Text-to-Text Transfer Transformer,2021,Paraphrasing,,,,,,Y,N,N,N,,,,
Y,NeuroCounterfactuals: Beyond Minimal-Edit Counterfactuals for Richer Data Augmentation,2022,,,,,,,N,Y,N,N,,,,
Y,CONT: Contrastive Neural Text Generation,2022,Translation,,,,,,Y,N,Y,N,,,,
Y,SAPPHIRE: Approaches for Enhanced Concept-to-Text Generation,2021,,,,,,,Y,N,N,N,17.02,33.6,,
Y,Controllable Text Generation Using Semantic Control Grammar,2023,,,,,,,Y,N,N,N,,,,
Y,CHARD: Clinical Health-Aware Reasoning Across Dimensions for Text Generation Models,2022,,,,,,,Y,N,N,N,,,,
Y,Controllable Story Generation Based on Perplexity Minimization,2023,,,,,,,N,Y,N,N,,,,
Y,Think While You Write: Hypothesis Verification Promotes Faithful Knowledge-to-Text Generation,2023,,,,,,,N,N,Y,N,,,,
Y,KCTS: Knowledge-Constrained Tree Search Decoding with Token-Level Hallucination Detection,2023,,,,,,,N,Y,N,N,,,,
Y,DECIDER: A Dual-System Rule-Controllable Decoding Framework for Language Generation,2025,,,,,,,N,Y,N,N,,27.03,,
Y,The Whole Truth and Nothing But the Truth: Faithful and Controllable Dialogue Response Generation with Dataflow Transduction and Constrained Decoding,2022,Chatbot,,,,,,N,Y,N,N,,,,
Y,Controlled text generation via language model arithmetic,2023,,,,,,,Y,Y,Y,N,,,,
Y,CLICK: Controllable Text Generation with Sequence Likelihood Contrastive Learning,2023,Detoxification,,,,,,Y,Y,N,N,,,,
Y,Using Structured Content Plans for Fine-grained Syntactic Control in Pretrained Language Model Generation,2022,,,,,,,Y,N,N,N,,,,
Y,COLD Decoding: Energy-based constrained text generation with langevin dynamics,,,,,,,,,,,,,,,
Y,"Control-DAG: Constrained Decoding for Non-Autoregressive Directed
Acyclic T5 using Weighted Finite State Automata",2024,Translation,,,,,,,,,,,,,